NULL,NULL,209
Accessories,Bike Racks,1
Accessories,Bike Stands,1
Accessories,Bottles and Cages,3
Accessories,Cleaners,1
Accessories,Fenders,1
Accessories,Helmets,3
Accessories,Hydration Packs,1
Accessories,Lights,3
Accessories,Locks,1
Accessories,Panniers,1
Accessories,Pumps,2
Accessories,Tires and Tubes,11
Bikes,Mountain Bikes,32
Bikes,Road Bikes,43
Bikes,Touring Bikes,22
Clothing,Bib-Shorts,3
Clothing,Caps,1
Clothing,Gloves,6
Clothing,Jerseys,8
Clothing,Shorts,7
Clothing,Socks,4
Clothing,Tights,3
Clothing,Vests,3
Components,Bottom Brackets,3
Components,Brakes,2
Components,Chains,1
Components,Cranksets,3
Components,Derailleurs,2
Components,Forks,3
Components,Handlebars,8
Components,Headsets,3
Components,Mountain Frames,28
Components,Pedals,7
Components,Road Frames,33
Components,Saddles,9
Components,Touring Frames,18
Components,Wheels,14
